categories,image,is_active,include_in_menu,is_anchor,meta_title,meta_keywords,meta_description,display_mode,custom_use_parent_settings,custom_apply_to_products,custom_design,custom_design_from,custom_design_to,page_layout,description,products
Bed Frames,,1,1,1,meta title,Meta keyword,Meta description,PRODUCTS_AND_PAGE,0,0,,,,2columns-left,,
Bed Frames/Adjustable Beds,,1,1,1,meta title,Meta keyword,Meta description,PRODUCTS_AND_PAGE,0,0,,,,2columns-left,,
Bed Frames/Italian Beds,,1,1,1,meta title,Meta keyword,Meta description,PRODUCTS_AND_PAGE,0,0,,,,2columns-left,,
Bed Frames/Folding Beds,,1,1,1,meta title,Meta keyword,Meta description,PRODUCTS_AND_PAGE,0,0,,,,2columns-left,,
Bed Frames/Bunk Beds,,1,1,1,meta title,Meta keyword,Meta description,PRODUCTS_AND_PAGE,0,0,,,,2columns-left,,
Mattresses,,1,1,1,meta title,Meta keyword,Meta description,PRODUCTS_AND_PAGE,0,0,,,,2columns-left,,
Mattresses/Memory Foam,,1,1,1,meta title,Meta keyword,Meta description,PRODUCTS_AND_PAGE,0,0,,,,2columns-left,,
Mattresses/Sprung & Memory,,1,1,1,meta title,Meta keyword,Meta description,PRODUCTS_AND_PAGE,0,0,,,,2columns-left,,
Mattresses/Pocket Sprung,,1,1,1,meta title,Meta keyword,Meta description,PRODUCTS_AND_PAGE,0,0,,,,2columns-left,,
Mattresses/Ortho Mattresses,,1,1,1,meta title,Meta keyword,Meta description,PRODUCTS_AND_PAGE,0,0,,,,2columns-left,,
Divan Beds,,1,1,1,meta title,Meta keyword,Meta description,PRODUCTS_AND_PAGE,0,0,,,,2columns-left,,
Divan Beds/Divan Base Only,,1,1,1,metatitle1,Meta keyword,Meta description 1,PRODUCTS,0,0,,,,2columns-right,,
Divan Beds/Divan Bed Sets,,1,1,1,metatitle1,Meta keyword,Meta description 2,PRODUCTS,0,0,,,,2columns-right,,
Divan Beds/Ottoman Storage Divan,,1,1,1,metatitle2,Meta keyword,Meta description 4,PRODUCTS,0,0,,,,2columns-right,,
Kids Beds,,1,1,1,metatitle2,Meta keyword,Meta description 4,PRODUCTS,0,0,,,,2columns-right,,
Kids Beds/Kids Novelty Beds,,1,1,1,meta title,Meta keyword,Meta description,PRODUCTS_AND_PAGE,0,0,,,,2columns-left,,
Kids Beds/Kids Metal Bunk Beds,,1,1,1,meta title,Meta keyword,Meta description,PRODUCTS_AND_PAGE,0,0,,,,2columns-left,,
Kids Beds/Kids Studio Bunk,,1,1,1,meta title,Meta keyword,Meta description,PRODUCTS_AND_PAGE,0,0,,,,2columns-left,,
Bedroom Furniture,,1,1,1,metatitle1,Meta keyword,Meta description 1,PRODUCTS,0,0,,,,2columns-right,,
Bedroom Furniture/Wardrobes,,1,1,1,meta title,Meta keyword,Meta description,PRODUCTS_AND_PAGE,0,0,,,,2columns-left,,
Bedroom Furniture/Chest of Drawers,,1,1,1,meta title,Meta keyword,Meta description,PRODUCTS_AND_PAGE,0,0,,,,2columns-left,,
Bedroom Furniture/Dressing Tables,,1,1,1,meta title,Meta keyword,Meta description,PRODUCTS_AND_PAGE,0,0,,,,2columns-left,,
Bedroom Furniture/Bedsides,,1,1,1,metatitle1,Meta keyword,Meta description 1,PRODUCTS,0,0,,,,2columns-right,,
Bedroom Furniture/Mirror & Buffet,,1,1,1,meta title,Meta keyword,Meta description,PRODUCTS_AND_PAGE,0,0,,,,2columns-left,,
Bedroom Furniture/Full Bedroom Set,,1,1,1,meta title,Meta keyword,Meta description,PRODUCTS_AND_PAGE,0,0,,,,2columns-left,,
Italian Range,,1,1,1,meta title,Meta keyword,Meta description,PRODUCTS_AND_PAGE,0,0,,,,2columns-left,,
Italian Range/Bedroom Furniture,,1,1,1,metatitle1,Meta keyword,Meta description 1,PRODUCTS,0,0,,,,2columns-right,,
